{"cameraMode":{"drawMode":0,"name":"Shaded","section":"Shading Mode"},"sceneLighting":true,"audioPlay":false,"sceneViewState":{"m_AlwaysRefresh":false,"showFog":true,"showSkybox":true,"showFlares":true,"showImageEffects":true,"showParticleSystems":true,"showVisualEffectGraphs":true,"m_FxEnabled":true},"in2DMode":false,"pivot":{"x":-2.7973313331604006,"y":10.157112121582032,"z":29.722827911376954},"rotation":{"x":0.10245425254106522,"y":-0.8973128199577332,"z":0.291225403547287,"w":0.31584298610687258},"size":7.882418632507324,"orthographic":false}